번호,식품군,식품이름,1회제공량 (g),열량 (kcal),탄수화물 (g),단백질 (g),지방 (g),당류 (g),나트륨 (mg),콜레스테롤 (mg),포화지방산 (g),트랜스지방산 (g)
1,밥류,콩나물국밥,700,223.26,12.05,24,8.78,0.06,1950.91,125.03,1.48,0.03
2,밥류,"국밥, 소머리",800,631.99,17.53,75.98,28.66,0,823.26,241.92,9.67,0.6
3,밥류,김밥,200,317.68,57.57,7.26,6.48,0.5,833.29,40.49,2.75,0.06
4,밥류,"김밥, 김치",250,344.97,60.67,10.93,6.51,1.86,1145.54,74.18,1.58,0.05
5,밥류,"김밥, 샐러드",250,405.95,61.45,9.62,13.52,3.42,911.18,84.58,2.79,0.06
6,밥류,"김밥, 소고기",250,400.61,62.52,15.98,9.62,0.84,1061.19,93.08,2.52,0.11
7,밥류,"김밥, 참치",250,424.06,64.76,12.73,12.68,0.6,1108.41,97.82,3.91,0.18
8,밥류,"삼각김밥, 고추장불고기",100,165.29,34.11,3.66,1.58,0.2,342.92,3.51,0.45,0.01
9,밥류,"삼각김밥, 숯불갈비",100,161.24,32.55,4,1.67,0.16,358.36,4.04,0.53,0.02
10,밥류,"삼각김밥, 참치마요네즈",100,172.4,31.95,3.94,3.2,0.02,282.1,4.41,0.6,0.01
11,밥류,충무김밥,400,583.93,109.16,23.42,5.96,17.19,1294.27,156.85,1.1,0.02
12,밥류,"덮밥, 돼지고기",500,782.38,115.48,30.08,22.24,7.28,1538.06,83.76,5.68,0.16
13,밥류,"덮밥, 쇠고기",500,669.3,102.35,28.62,16.16,4.39,1499.14,66.5,4.57,0.45
14,밥류,"덮밥, 오징어",500,679.9,107.31,31.5,13.85,5.71,1622.91,280.59,2.31,0.09
15,밥류,장어덮밥,400,716.54,97.35,30.09,22.98,5.59,920.76,234.56,5.18,0.23
16,밥류,해물덮밥,700,771.93,100.45,42.04,22.44,1.2,1802.68,286.24,5.41,0.21
17,밥류,회덮밥,500,683.02,103.3,30.21,16.56,10.92,744.27,88.65,2.9,0.12
18,밥류,"덮밥, 참치",500,679.1,102.93,29.2,16.73,2.98,1618.74,115.79,3.4,0.08
19,밥류,류산슬덮밥,550,574.99,73.95,26.96,19.04,0.42,1579.35,120.87,3.39,0.12
20,밥류,송이덮밥,600,581.81,95.6,18.22,14.06,2.27,1678.01,48.2,2.79,0.1
21,밥류,볶음밥,400,773.3,112.68,18.79,27.5,0.86,1203.19,161.18,12.79,0.29
22,밥류,"볶음밥, 김치",500,754.74,120,23.06,20.28,4.28,1791.99,152.55,7.1,0.17
23,밥류,"볶음밥, 새우",400,700.02,112.86,17.92,19.66,1.2,1395.06,149.36,3.96,0.07
24,밥류,해물볶음밥,400,705.22,90.46,25.1,27,1.22,1074.35,241.8,5.38,0.15
25,밥류,오므라이스,450,729.97,112.45,21.52,21.56,10.35,1483.37,206.32,5.8,0.08
26,밥류,삼선볶음밥,400,686.11,85.75,26.24,26.46,1.58,1213.56,326.52,6.33,0.15
27,밥류,비빔밥,500,706.62,114.83,19.92,18.62,25.66,1337.1,111.13,3.84,0.12
28,밥류,육회비빔밥,450,679.7,96.18,29.18,19.8,12.03,935.91,115.98,4.2,0.19
29,밥류,"생선초밥, 광어",300,453.78,77.55,27.07,3.92,7.7,808.75,46.74,1.06,0.02
30,밥류,"생선초밥, 모듬",300,461.97,76.43,25.42,6.06,8.65,968.94,70.88,1.51,0.04
31,밥류,농어초밥,250,396.74,78.75,17.43,1.34,13.01,1035.04,26.5,0.65,0.02
32,밥류,문어초밥,250,392.23,81.78,14.62,0.74,13.38,1200.86,70.08,0.35,0
33,밥류,연어초밥,250,447.32,71.04,18.88,9.74,12.88,1064.38,32.05,1.84,0.06
34,밥류,새우초밥,250,387.67,78.42,16.8,0.75,11.66,1110.29,72.64,0.55,0.01
35,밥류,장어초밥,250,486.26,80.68,16.52,10.83,13.68,1270.91,102.77,2.91,0.1
36,밥류,한치초밥,250,374.18,77.92,13.71,0.85,13.13,1199.31,100.06,0.45,0
37,밥류,유부초밥,250,446.33,82.31,12.46,7.48,10.67,1046.16,2.47,1.53,0.04
38,밥류,잡채밥,650,884.66,159.47,19.49,18.76,2.76,1908.24,22.21,9.67,0.29
39,밥류,잡탕밥,750,777.44,104.94,44.12,20.14,0.48,2109.52,329.86,4.06,0.12
40,밥류,짜장밥,500,741.66,120.06,15.24,22.28,5.37,1560.38,26.44,8.56,0.16
41,밥류,카레라이스,500,672,126.01,13.49,12.66,4.97,1089.16,6.98,3.68,0.08
42,밥류,알밥,400,618.5,116.78,14.59,10.34,0.92,1339.31,84.39,2.49,0.1
43,밥류,짬뽕밥,900,661.76,110.85,29.05,11.35,2.47,2813.26,251.3,2.42,0.04
44,밥류,오곡밥,250,390,82.25,12,1.25,0.25,113.9,0,0.5,0
45,밥류,새우튀김롤,300,606.5,96.28,14.47,18.17,11.14,1391.43,55.88,3.41,0.11
46,밥류,연어롤,300,510.19,74.32,18.57,15.4,8.47,1211.9,61.97,2.83,0.1
47,밥류,캘리포니아롤,300,487.64,89.23,12.33,9.04,8.9,1295.88,65.96,2.14,0.05
48,빵 및 과자류,꽈배기,65,262.38,30.7,5.13,13.23,7.02,279.94,12.36,4.51,0.12
49,빵 및 과자류,"도우넛, 찹쌀",70,207.05,39.95,3.53,3.68,12.13,242.99,1.16,1.95,0.04
50,빵 및 과자류,만주,70,222.49,46.8,5.13,1.64,22.45,118.19,15.67,0.91,0.04
51,빵 및 과자류,머핀,130,560.71,69.29,7.37,28.23,39.5,407.17,71.21,5.24,0.13
52,빵 및 과자류,베이글,120,335.48,68.66,12.52,1.2,8.43,556,1.62,0.79,0.04
53,빵 및 과자류,곰보빵,70,277.34,42.16,6.31,9.27,11.73,202.25,23.59,4.63,0.21
54,빵 및 과자류,"빵, 마늘빵(마늘바게트)",70,296.55,40.22,6.85,12.03,5.21,390.45,8.94,7.71,0.2
55,빵 및 과자류,"빵, 모닝빵",70,231.86,36.44,6.9,6.5,5.46,276.07,24.05,3.16,0.07
56,빵 및 과자류,"빵, 버터크림빵",60,229.96,27.74,4.9,11.04,7.19,191.18,17.81,8.44,0.28
57,빵 및 과자류,"빵, 페이스트리",70,319.59,32.52,5.99,18.4,5.75,295.79,16.95,12.07,0.59
58,빵 및 과자류,카스텔라,70,235.1,36.28,5.44,7.58,21.25,73.04,138.29,2.68,0.11
59,빵 및 과자류,"샌드위치, 햄, 치즈",200,436.52,49.65,14.83,19.84,6.13,901.08,52.52,6.79,0.21
60,빵 및 과자류,생크림케이크,100,278.07,27.59,3.9,16.9,8.36,96.63,66.89,9.36,0.34
61,빵 및 과자류,초콜릿케이크,100,420.24,43.6,5.32,24.96,23.13,170,50.84,14.4,0.38
62,빵 및 과자류,치즈케이크,100,329.14,28.64,7.22,20.63,15.28,200.67,126.78,10.98,0.61
63,빵 및 과자류,"고로케,채소",100,300.65,31.19,7.12,16.38,3.37,403.33,41.9,3.59,0.15
64,빵 및 과자류,"한과, 산자",30,109.8,24.66,0.69,0.93,9.39,6.86,0,0.03,0
65,빵 및 과자류,"한과, 약과",30,119.7,25.47,1.26,1.44,5.07,17.19,0,0.36,0
66,빵 및 과자류,"한과, 매작과 ",30,123.9,19.83,2.25,3.96,4.92,29.83,10.03,0.69,0.03
67,빵 및 과자류,"한과, 송화다식",30,110.7,22.2,2.49,1.35,8.01,4.04,0,0.27,0
68,빵 및 과자류,"한과, 유과   ",30,127.2,22.26,0.84,3.84,7.23,6.84,0,0.42,0
69,면 및 만두류,짜장면,650,796.5,133.63,19.77,20.32,7.79,2391.58,10.76,8.52,0.18
70,면 및 만두류,간짜장,650,824.54,134.22,22.33,22.04,12.16,2716.2,28.72,9.71,0.24
71,면 및 만두류,삼선자장면,700,803.9,126.53,33.64,18.14,10.15,2628.24,166.56,4.06,0.09
72,면 및 만두류,"국수, 막국수",550,599.91,114.86,20.99,6.28,23.35,1503.04,64.43,1.56,0.03
73,면 및 만두류,"국수, 비빔국수",550,617.94,109.85,18.76,11.5,23.61,1854.91,26.09,1.97,0.09
74,면 및 만두류,잔치국수,700,599.16,118.53,21.13,4.51,0.71,1683.17,60.46,1,0
75,면 및 만두류,쫄면,450,601.78,109.57,18.4,9.99,24.17,1346.42,55.33,1.9,0.09
76,면 및 만두류,"냉면, 물냉면",800,551.62,112.9,15.82,4.08,23.18,2618.21,41.78,1.18,0
77,면 및 만두류,"냉면, 비빔냉면",550,622.74,122.4,19.54,6.11,27.03,1663.87,75.15,1.9,0.05
78,면 및 만두류,"냉면, 열무냉면",800,525.49,97.52,20.84,5.78,27.14,3152.37,67.78,1.36,0
79,면 및 만두류,"냉면, 회냉면",550,629.98,122.01,17.75,7.89,24.35,1517.81,78.63,1.95,0.06
80,면 및 만두류,떡국,800,711.3,147.18,20.63,4.46,0.48,1928.42,136.34,2.18,0.02
81,면 및 만두류,떡만두국,700,624.92,110.7,20.06,11.32,0.16,1980.19,122.42,3.44,0.08
82,면 및 만두류,"만두, 고기만두",250,452.01,48.64,16.3,21.36,2.92,849.33,16.01,6.08,0.1
83,면 및 만두류,"만두, 군만두",250,685.24,88.06,17.53,29.21,4.18,952.22,17.02,12.4,0.25
84,면 및 만두류,"만두, 김치만두",250,420.53,57.57,15.58,14.22,3.02,941.25,12.7,4.84,0.08
85,면 및 만두류,"만두, 물만두",120,156.67,18.69,6.76,6.1,0.66,287.02,10.7,3.99,0.07
86,면 및 만두류,만두국,700,434.05,47.83,21.43,17.44,3.04,2368,94.52,4.24,0.05
87,면 및 만두류,수제비,800,646.84,128.38,20.84,5.55,4.32,2030.3,82.66,1.43,0.01
88,면 및 만두류,오일소스스파게티,400,646.74,89.42,19.56,23.43,1.41,1124.33,31.62,3.89,0.05
89,면 및 만두류,크림소스스파게티,400,837.57,73.76,21.79,50.59,9.17,1030.21,126.58,25.66,1
90,면 및 만두류,토마토소스스파게티,500,642.58,93.2,24.35,19.15,15.6,1508.64,49.17,5.44,0.21
91,면 및 만두류,해물크림소스스파게티,500,917.57,86.98,30.4,49.79,8.36,1323.7,210.88,24.73,0.94
92,면 및 만두류,해물토마토소스스파게티,500,584.44,87.24,27.98,13.73,13.48,1533.16,159.64,3.14,0.07
93,면 및 만두류,"우동,일식",700,421.51,74.2,13.39,7.9,2.48,2390.32,25.98,1.49,0.01
94,면 및 만두류,"우동,중식",1000,648.47,85.37,29.45,21.02,1.1,3395.86,208.42,3.35,0.03
95,면 및 만두류,김치우동,800,500.18,99.14,15.55,4.6,2.13,2874.6,14.13,0.83,0
96,면 및 만두류,삼선우동,1000,691.66,105.9,47.94,8.48,0.8,2722.32,620.9,2.02,0
97,면 및 만두류,짬뽕,1000,687.62,100.59,28.17,19.18,3.38,4000.09,109.43,12.98,0.24
98,면 및 만두류,굴짬뽕,900,680.67,115.69,32.87,9.6,1.7,2662.34,163.3,1.41,0.04
99,면 및 만두류,삼선짬뽕,900,662.36,101.74,39.63,10.77,1.09,2689.13,312.48,1.92,0.03
100,면 및 만두류,"칼국수, 해물",900,628.26,123.9,22.81,4.61,3.81,2355.08,26.7,1.3,0.01
101,면 및 만두류,콩국수,800,666.82,112.02,31.03,10.51,4.69,944.59,31.26,4.3,0
102,면 및 만두류,기스면,1000,606.93,89.79,37.82,10.72,0.5,2764.59,416.54,2.12,0
103,면 및 만두류,메밀국수,600,611.72,117.8,19.64,6.88,11.37,1753.84,3.45,0.54,0
104,면 및 만두류,울면,1000,728.86,128.18,37.46,7.37,0.5,2799.92,445.79,1.85,0.01
105,죽 및 스프류,"죽, 깨죽",800,515.34,79.3,13.66,15.94,3.59,1160.18,0,2.82,0.01
106,죽 및 스프류,"죽, 쇠고기버섯죽",800,578.28,109.02,18.74,7.46,0.26,1261.8,26.08,2.72,0.14
107,죽 및 스프류,잣죽,700,874.48,155.27,19.18,19.63,2.36,878.82,0,1.99,0.24
108,죽 및 스프류,"죽, 전복죽",800,590.82,114.31,12.58,9.26,0.22,1309.46,28.47,1.79,0.05
109,죽 및 스프류,참치죽,800,659.6,104.57,24.19,16.06,1.36,1342.4,39.96,1.82,0.06
110,죽 및 스프류,"죽, 팥죽",600,498.06,97.81,18.43,3.68,1.69,1026.43,0,0.49,0.01
111,죽 및 스프류,"죽, 호박죽",600,442.75,89.39,7.09,6.32,16.7,929.2,1.72,1.06,0.01
112,죽 및 스프류,"죽, 흰죽, 게살죽",800,564.83,107.34,17.9,7.1,0.17,1453.82,50.16,2.11,0.07
113,국 및 탕류,갈비탕,600,236.75,7.61,27.38,10.76,0,1717.54,112.25,2.86,0.16
114,국 및 탕류,곰탕,700,579.61,7.35,70.13,29.97,0,822.77,197.94,7.97,0.75
115,국 및 탕류,"곰탕, 꼬리",700,765.79,4.63,102.3,37.56,0,765.74,251.92,9.81,1.04
116,국 및 탕류,삼계탕(닭백숙),1000,917.61,40.93,115.29,32.52,0,1310.98,471.7,10.76,0.32
117,국 및 탕류,도가니탕,800,573.18,4.54,100.88,16.83,0,598.16,163.79,4.71,0.44
118,국 및 탕류,선짓국,800,337.35,10.97,51.14,9.88,0.07,2518.98,294.04,2.01,0.1
119,국 및 탕류,설렁탕,600,419.81,12.56,59.58,14.59,0.25,685.78,145.33,5.72,0.4
120,국 및 탕류,순대국,800,540.3,17.26,43.52,33.02,0,1504.04,246,10.98,0.16
121,국 및 탕류,어묵국,600,250.86,34.24,18.34,4.51,2.14,2064.71,24.74,1.56,0.02
122,국 및 탕류,"육개장, 쇠고기",700,339.87,20.82,21.9,18.77,0.54,2853.09,142.71,7.27,0.76
123,국 및 탕류,토란국,250,462.5,92,8.5,6.75,0,702.5,19.88,0.75,0
124,국 및 탕류,연포탕,1000,541.64,20.19,94.9,9.03,0.23,2337.46,1057.46,1.75,0.08
125,국 및 탕류,탕국         ,250,92.5,0.25,13.25,4.25,0,656.75,30.12,1,0
126,국 및 탕류,소탕        ,150,87,1.95,7.65,5.4,0,353.6,0,0.6,0
127,국 및 탕류,어탕        ,150,85.5,1.8,12.75,3.15,0,485.08,52.56,0.45,0
128,국 및 탕류,육탕        ,150,87,0.3,12.6,3.9,0,356.94,43.78,1.65,0.15
129,찌개 및 전골류,동태찌개(생태찌개),800,368.18,10.44,46.19,15.74,2.61,2575.62,315.41,2.34,0.34
130,찌개 및 전골류,감자탕,900,959.54,26.88,95.93,52.03,0.76,2631.2,453.8,16.48,0.16
131,찌개 및 전골류,김치찌개,400,243.03,11.93,15.07,15,3.02,1962.14,25.18,2.76,0.03
132,찌개 및 전골류,내장탕,700,546.64,13.59,54.78,30.35,1.18,2336.88,460.59,8.39,0.47
133,찌개 및 전골류,닭볶음탕,300,367.92,22.63,37.98,13.94,5.75,1023.02,154.84,4.03,0.08
134,찌개 및 전골류,된장찌개,400,144.88,13.46,11.5,5.01,1.8,2021.01,11.81,0.78,0
135,찌개 및 전골류,순두부찌개,400,200.08,7.62,14.43,12.43,1.32,1350.98,80.94,1.79,0.09
136,찌개 및 전골류,광어매운탕,600,419.8,9.13,58.42,16.62,1.42,1799.02,375.05,3.04,0.08
137,찌개 및 전골류,대구매운탕,600,361.75,16.84,57.36,7.21,1.09,1983.9,516.74,0.97,0.03
138,찌개 및 전골류,우럭매운탕,600,406.82,11.24,52.15,17.03,1.08,1773.88,362.77,2.97,0.08
139,찌개 및 전골류,부대찌개,600,520.05,47.35,25.96,25.2,3.87,2664.21,82.64,6.79,0.11
140,찌개 및 전골류,알탕,700,425.56,11.46,66.68,12.56,0.03,2642.17,1009.53,2.21,0.18
141,찌개 및 전골류,청국장찌개,400,271.57,10.41,22.4,15.59,1,1794.84,3.83,2.3,0
142,찌개 및 전골류,추어탕,700,341.13,20.29,24.59,17.96,0,2046.47,106.19,1.55,0.1
143,찌개 및 전골류,콩비지찌개,400,247.61,17.87,19.37,10.96,1.28,1287.09,24.05,1.96,0.02
144,찌개 및 전골류,장어탕,800,486.43,23.59,34.22,28.35,1.79,2074.55,285.42,5.39,0.2
145,찜류,민어찜       ,100,137,0,21.5,5.9,0,1089.43,97.77,1.7,0
146,찜류,도미찜,100,126,0.5,23,3.5,0,839.96,99.01,0.9,0
147,찜류,아구찜,400,310.87,17.47,48.3,5.31,0.69,1406.2,389.13,0.86,0.03
148,찜류,조기찜,100,182,1.6,20.1,10.6,0,602.03,138.43,2.8,0.1
149,찜류,홍어찜,250,202.67,1.22,47.12,1.04,1.22,644.96,235.12,0.34,0.01
150,찜류,전어찜,100,278,0.6,17.3,23,0,447.4,97.88,6.8,0.1
151,찜류,병어찜       ,100,180,0.2,18.9,11.5,0,650.98,71.92,3.6,0.1
152,찜류,문어숙회     ,80,67.2,0.72,14.88,0.48,0,208.33,140.11,0.16,0
153,찜류,소갈비찜,250,494.6,13.14,49.86,26.96,4.32,753.64,141.48,10.34,1.07
154,찜류,참꼬막       ,80,90.4,4.56,12.48,2.48,0,234.16,65.03,0.4,0
155,찜류,돼지고기 수육,300,1205.9,10.3,67.08,99.6,0.25,416.68,133.91,36.97,0.33
156,찜류,족발,150,393.77,5.51,39.04,23.95,0.32,542.57,74.87,6.97,0.1
157,찜류,순대,300,542.42,58.36,19.56,25.64,3.5,1019.19,19.22,7.3,0.12
158,찜류,한방오리백숙,300,469.53,3.36,68.79,20.1,0.35,276.43,372.07,6.39,0.14
159,구이류,갈치구이,250,481.32,0.35,61.99,25.77,0.35,1022.03,198.95,7.35,0.25
160,구이류,고등어구이,250,667.87,1.86,59.24,47.18,0.35,1227.73,136.31,12.13,0.51
161,구이류,"장어구이, 양념",150,433.35,8.8,30.77,30.56,4.18,704.64,215.24,7.1,0.27
162,구이류,돼지갈비구이,350,941.38,29.07,72.7,59.37,11.37,1341.59,189.03,21.84,0.34
163,구이류,"꼬치구이, 닭살",70,176.72,13.35,11.56,8.57,3.15,286.91,31.44,2.32,0.04
164,구이류,햄버그스테이크,200,457.7,20.76,26.96,29.65,5.33,950.22,70.28,9.41,0.31
165,구이류,훈제오리,250,797.14,12.08,43.06,64.06,0.27,1220.37,171,15.98,0.39
166,구이류,소불고기,200,176.71,18.3,12.75,5.83,3.36,892.09,41.41,1.55,0.16
167,전/ 적 및 부침류,김치전,150,282.27,34.49,7.1,12.88,1.55,686.94,28.52,2.23,0.08
168,전/ 적 및 부침류,깻잎전,150,361.1,14.54,17.74,25.78,1.06,480.15,131.8,5.43,0.15
169,전/ 적 및 부침류,버섯전,150,240,16.2,10.5,14.85,2.7,313.75,100.1,2.25,0
170,전/ 적 및 부침류,부추전,150,253.5,37.35,5.7,9,1.35,249.44,9.27,1.35,0
171,전/ 적 및 부침류,고추전,150,274.69,17.01,12.91,17.22,2.17,362.2,78.81,3.52,0.09
172,전/ 적 및 부침류,호박전,150,208.5,16.05,6.45,13.05,2.85,276.96,92.52,2.4,0
173,전/ 적 및 부침류,배추전,150,240,35.55,5.1,8.7,4.95,326.82,7.23,1.35,0.15
174,전/ 적 및 부침류,미나리전     ,150,226.5,34.2,5.25,7.65,1.8,248.7,11.88,1.2,0
175,전/ 적 및 부침류,녹두빈대떡,100,207.94,20.93,7.94,10.27,0.1,232.05,12.48,2.26,0.06
176,전/ 적 및 부침류,쇠고기산적,200,454,7.4,48.4,25.6,0,1392.84,134.84,7,0.8
177,전/ 적 및 부침류,화양적,150,272.65,21.35,13.58,14.77,1.21,797.03,123.25,3.82,0.1
178,전/ 적 및 부침류,계적        ,250,487.5,0,57.75,30.5,0,210.1,169.2,8,0.25
179,전/ 적 및 부침류,돔베기적     ,100,159,0,30.1,7.4,0,451.25,64.23,0.6,0
180,전/ 적 및 부침류,소라산적     ,80,120,6.48,17.92,2.48,0.88,396.67,100.34,0.4,0
181,전/ 적 및 부침류,오징어산적   ,80,101.6,3.6,17.36,2,0.88,477.1,234.25,0.24,0
182,전/ 적 및 부침류,홍어적       ,100,89,0,23.6,0.7,0.3,323.53,96.77,0.1,0
183,전/ 적 및 부침류,홍합산적     ,80,156.8,10.56,17.76,4.8,3.36,719.72,60.71,0.8,0.08
184,전/ 적 및 부침류,두부전,150,255,7.5,20.4,15.9,0,317.16,3.28,1.95,0
185,전/ 적 및 부침류,동태전,150,268.05,10.54,22.64,15.04,0.22,702.16,178.76,3.16,0.09
186,전/ 적 및 부침류,가자미전     ,150,231,6.9,25.8,11.1,0.3,819.36,176.26,2.25,0
187,전/ 적 및 부침류,파전,150,292.8,34.81,6.83,14.03,0.79,345.96,46.14,2.26,0.07
188,전/ 적 및 부침류,해물파전,150,276.18,30.07,11.04,12.42,0.42,366.82,105.85,2.13,0.06
189,전/ 적 및 부침류,떡갈비,250,761.67,23.57,50.76,51.59,12.09,827.36,107.38,19.52,0.97
190,전/ 적 및 부침류,동그랑땡,150,309.2,12.68,19.62,20,0.98,553.09,103.27,4.66,0.12
191,전/ 적 및 부침류,낙지꼬지     ,80,75.2,2.8,13.12,1.28,0,207.06,133.74,0.16,0
192,볶음류,건새우볶음,20,65.73,5.71,4.67,2.69,2.6,196.24,33.45,0.4,0.02
193,볶음류,두부김치,250,288.21,14.08,19.46,17.12,1.49,989.69,13.92,3.17,0.08
194,볶음류,낙지볶음,200,186.83,21.67,14.89,4.51,7.56,895.12,118.31,0.89,0.04
195,볶음류,돼지고기볶음,200,350.67,18.21,22.96,20.67,8.2,1051.76,57.87,5.12,0.15
196,볶음류,마파두부,200,227.93,10.73,15.26,13.77,0.29,691.4,24.58,2.77,0.08
197,볶음류,떡볶이,200,303.53,60.48,7.61,3.46,6.83,853.08,7.49,0.75,0
198,볶음류,라볶이,200,268.82,49.4,6.93,4.83,6.96,871.45,25.67,2,0.02
199,볶음류,"멸치볶음, 풋고추",20,52.38,3.41,4.65,2.24,1.43,275.54,36.6,0.39,0.02
200,볶음류,잔멸치볶음,20,68.41,5.25,6.2,2.51,2.56,379.29,49.37,0.47,0.02
201,볶음류,잡채,150,204.32,38.84,2.05,4.53,2.72,658.95,0,0.75,0.04
202,볶음류,고추잡채,200,256.77,26.17,10.99,12.01,2.09,828.55,39.26,2.11,0.08
203,볶음류,팔보채,300,240.74,11.28,25.42,10.44,0.09,1129.3,224.96,1.69,0.04
204,볶음류,오징어채볶음,20,55.49,8.28,3.72,0.83,2.33,232.26,33.22,0.16,0.01
205,볶음류,주꾸미볶음,200,211.41,22.82,18.33,5.2,5.06,918.86,200.76,0.61,0.02
206,조림류,갈치조림,100,97.04,5.3,11,3.54,1.92,486.39,43.56,1,0.02
207,조림류,고등어조림,100,130.16,5.04,10.03,7.77,2.02,474.69,30.02,2.01,0.06
208,조림류,북어조림,100,181.86,17.14,20.83,3.33,8.2,765.95,99.63,0.67,0.05
209,조림류,두부조림,50,69.25,2.86,6.15,3.69,0.25,250.01,0,0.63,0.01
210,조림류,연근조림,30,78.24,18.06,0.63,0.38,7.08,200.37,0.19,0.07,0
211,조림류,우엉조림,30,69.75,15.83,0.78,0.37,7.08,254.75,0.01,0.06,0
212,조림류,돼지고기메추리알장조림,50,63.49,3.37,8.34,1.85,1.27,582.99,47.64,0.44,0
213,조림류,소고기메추리알장조림,50,60.65,2.88,8.14,1.84,0.72,602.12,41.52,0.45,0.02
214,조림류,콩조림(콩자반),20,54.25,7.82,3.87,0.83,2.41,213.38,0,0.17,0
215,조림류,땅콩조림,20,81.34,7.72,3.22,4.17,2.85,150.8,0,0.78,0
216,튀김류,미꾸라지튀김,100,387.49,28.86,10.89,25.39,0.3,324.47,50.15,3.89,0.15
217,튀김류,생선까스,200,653.44,46.56,24.33,41.1,1.96,788.62,72.72,7.96,0.25
218,튀김류,쥐포튀김,100,357,42.5,9.6,16.5,8,717.02,28.7,2.3,0.1
219,튀김류,채소튀김,100,320.66,37.63,3.61,17.3,2.87,278.99,1.87,3.2,0.22
220,튀김류,고구마튀김,100,253,33.8,2.7,11.9,7.7,148.41,20.84,1.7,0.1
221,튀김류,김말이튀김,100,250.65,32.11,2.41,12.51,0.5,392.94,1.42,1.66,0.08
222,튀김류,닭강정,100,310.25,28.42,15.94,14.76,6.56,426.2,51.25,3.18,0.1
223,튀김류,깐풍기,200,588.72,37.78,26.14,37,9.96,657.13,138.85,8.1,0.18
224,튀김류,라조기,200,398.99,26.23,20.66,23.49,0.15,648.52,90.58,5.15,0.15
225,튀김류,치킨까스,200,593,44.02,27.91,33.92,4.15,779.27,72.97,8.42,0.27
226,튀김류,난자완쓰,200,346.25,19.15,21.63,20.35,0.49,703.23,76.76,4.59,0.23
227,튀김류,등심돈가스,200,623.83,38.49,32.99,37.54,3.66,574.08,98.16,9.12,0.26
228,튀김류,안심돈가스,200,651.75,34.25,33.28,42.4,2.77,551.55,105.47,8.55,0.25
229,튀김류,치즈돈가스,250,755.37,41.76,42.02,46.69,3.57,870.77,98.81,13.59,0.44
230,튀김류,새우튀김,100,301.24,26.3,9.05,17.76,0.09,555.81,60.23,3.04,0.2
231,튀김류,오징어튀김,100,308.2,24.29,11.93,18.14,0,360,101.92,2.9,0.18
232,튀김류,탕수육,200,456.72,51.83,17.48,19.94,17.08,442.98,44.01,4.9,0.17
233,나물/숙채류,가지나물,50,23,2.65,0.6,1.1,0.55,152.2,0.49,0.15,0
234,나물/숙채류,고사리나물,50,45.5,3.25,2,2.75,0,257.38,0,0.35,0
235,나물/숙채류,도라지나물,50,56,4.9,0.8,3.65,0,253.14,0,0.45,0
236,나물/숙채류,무나물,50,33,2.65,0.45,2.25,1.2,280.46,0,0.3,0
237,나물/숙채류,미나리나물,50,29.5,2.25,1,1.85,0,150.33,0,0.25,0
238,나물/숙채류,숙주나물,50,20,1.35,1.1,1.15,0,188.35,0,0.1,0
239,나물/숙채류,시금치나물,50,40.5,2,1.95,2.7,0,217.56,0,0.35,0
240,나물/숙채류,시래기나물,50,47.5,2.55,1.5,3.5,0.05,216.81,0,0.4,0
241,나물/숙채류,취나물,50,74,3.3,1.35,6.15,0,281.86,0,0.85,0.05
242,나물/숙채류,콩나물,50,25.5,0.95,1.7,1.65,0,213.95,0,0.2,0
243,생채/무침류,골뱅이무침,100,108.79,15.69,7.08,1.97,10.46,525.52,38.35,0.26,0.02
244,생채/무침류,김무침,30,85.62,10.56,2.72,3.61,3.84,491.99,0.04,0.63,0.08
245,생채/무침류,마늘쫑무침,30,39.56,8.52,0.82,0.25,4.56,415.03,0.28,0.05,0
246,생채/무침류,무말랭이무침,30,40.79,8.55,0.98,0.3,3.75,384.61,0.04,0.04,0
247,생채/무침류,도토리묵,100,45.6,10.38,0.29,0.32,0.43,124.15,0,0.03,0
248,생채/무침류,양장피,250,229.75,19.44,16.4,9.6,1.66,853.36,146.18,1.94,0.07
249,생채/무침류,탕평채,100,97,12.3,3.6,3.8,0.4,260.4,47.24,0.7,0
250,생채/무침류,파래무침,30,34.51,5.95,1.14,0.68,2.6,244.01,0,0.14,0.01
251,생채/무침류,홍어회무침,200,198.94,25.95,17.85,2.63,14.46,802.04,57.03,0.36,0
252,생채/무침류,쥐치채,20,55.92,10.89,2.75,0.15,4.55,296.34,8.57,0.19,0.01
253,김치류,갓김치,50,29.18,4.12,1.78,0.62,0.98,448.99,1.45,0.06,0
254,김치류,고들빼기,50,55.53,10.93,1.58,0.61,2.84,742.43,2.98,0.07,0
255,김치류,깍두기,50,18.33,3.34,0.83,0.18,1.39,323.47,0.8,0.02,0
256,김치류,나박김치,100,13.72,1.64,0.61,0.52,0.1,498.44,0.43,0.02,0
257,김치류,배추김치,50,19.13,2.9,1.23,0.29,0.79,312.08,1.13,0.06,0
258,김치류,백김치,50,21.22,4.2,0.53,0.26,0.12,249.07,0.01,0.01,0
259,김치류,열무얼갈이김치,50,17.68,2.61,1.07,0.33,0.46,339.9,1.03,0.04,0
260,김치류,열무김치,50,16.77,2.43,1.12,0.28,0.58,310.35,1.81,0.05,0
261,김치류,오이소박이,50,17.38,2.45,0.85,0.47,0.14,266,0.88,0.04,0
262,김치류,총각김치,50,18.63,2.82,1.16,0.3,0.79,337.76,0.9,0.06,0
263,김치류,파김치,50,29.54,4.54,1.49,0.6,1.13,408.05,2.17,0.07,0
264,젓갈류,간장게장,250,302.16,12.84,37.69,11.12,5.9,3220.82,378.78,2.63,0.23
265,젓갈류,양념게장,200,279.63,42.05,23.92,1.75,17.04,1775.08,135.41,0.61,0.02
266,장아찌/절임류,고추장아찌,30,21.63,3.95,0.77,0.31,2.42,773.52,0.09,0.03,0
267,장아찌/절임류,"깻잎장아찌, 곰취장아찌, 콩잎장아찌",30,35.32,6.88,1.03,0.41,2.88,546.72,0.44,0.04,0
268,장아찌/절임류,마늘장아찌,30,16.84,2.96,0.9,0.15,1.28,487.97,0.02,0.01,0
269,장아찌/절임류,매실장아찌,30,72.88,17.43,0.5,0.13,11.45,337.86,0,0.02,0
270,장아찌/절임류,"무장아찌, 무초절임",30,23.92,5.03,0.44,0.23,2.88,879.81,0.04,0.01,0
271,음료 및 차류,수정과,150,133.5,20.4,0.6,5.4,20.7,9.72,0,0,0.15
272,음료 및 차류,식혜,150,130.5,24.3,2.25,2.7,17.1,3.38,0,0,0
273,"곡류, 서류 제품","떡, 가래떡",100,208.2,47.49,3.81,0.33,0,256.96,0,0.17,0
274,"곡류, 서류 제품","떡,경단(깨)  ",100,319,74.2,4.4,0.5,26.6,180,0,0.5,0
275,"곡류, 서류 제품","떡,경단(콩)  ",100,314,74,3.5,0.5,20.6,225.83,0,0.2,0
276,"곡류, 서류 제품","떡, 꿀떡",100,217.8,48.86,3.82,0.79,2.6,250.9,0.43,0.24,0
277,"곡류, 서류 제품","떡, 무지개떡",100,228.97,53.01,3.53,0.31,8.98,276.82,0,0.16,0
278,"곡류, 서류 제품","떡, 백설기",100,228.27,52.51,3.64,0.41,7.19,288.6,0,0.14,0
279,"곡류, 서류 제품","떡, 송편(깨) ",100,224,45,4.9,2.7,1.1,231.82,0,0.5,0
280,"곡류, 서류 제품","떡, 송편(콩) ",100,194,41.7,5.2,0.7,1.3,233.5,0,0.2,0
281,"곡류, 서류 제품","떡, 시루떡",100,217.48,47.54,5.47,0.61,3.22,277.91,0,0.24,0
282,"곡류, 서류 제품","떡, 녹두시루떡",100,246,48.1,7.7,2.5,4,263.66,0,0.5,0
283,"곡류, 서류 제품","떡, 약식",100,244.38,52.33,3.71,2.24,9.67,289.33,0,0.55,0.04
284,"곡류, 서류 제품","떡, 인절미",100,220.95,45.39,5.65,1.86,1.93,341.37,0,0.56,0
285,"곡류, 서류 제품","떡, 절편, 감자떡",100,192.89,43.94,3.64,0.28,0.07,265.87,0.03,0.19,0
286,"곡류, 서류 제품","떡, 증편",100,192.73,44.83,2.66,0.3,6.6,264.17,0,0.16,0
287,"곡류, 서류 제품","떡, 찹쌀떡(팥속)",100,276.87,65.61,3.26,0.15,17.54,225.61,0,0.15,0
288,"곡류, 서류 제품","떡, 모듬찰떡",100,222.91,47.38,5.71,1.17,4.61,237.09,0,0.27,0
289,"곡류, 서류 제품","떡,기피편    ",100,220,49,5.4,0.2,2.1,281.06,0,0.1,0
290,"곡류, 서류 제품","떡, 메밀전병 ",100,168,21.6,6.2,6.3,0.6,345.8,8.05,1.2,0
291,"곡류, 서류 제품","떡, 수수부꾸미",100,248,42.1,5.7,6.3,0.2,261,0,1,0
292,"곡류, 서류 제품","떡, 수수팥떡 ",100,204,43,6.7,0.6,2.8,241.93,0,0.2,0
293,"곡류, 서류 제품","떡, 쑥떡     ",100,249,57.9,3.4,0.4,10.7,254.32,0,0.2,0
294,수조어육류,육회,150,229.91,14.1,22.38,9.33,1.52,447.81,79.09,2.91,0.17
295,수조어육류,대구포,100,141,2.3,32,0.4,0,3875.95,107.15,0.2,0
296,수조어육류,북어포       ,20,66.4,0.32,15.42,0.38,0.22,128.99,85.02,0.14,0
297,밥류,감자 주먹 밥,215,239.38,41.9,8.97,5.61,N/A,66.99,N/A,N/A,N/A
298,밥류,김치 고구마 밥,206,247.84,54.01,3.79,2.51,N/A,233.03,N/A,N/A,N/A
299,밥류,김치쌈밥,169,205.15,39.48,7.55,4.11,N/A,553.19,N/A,N/A,N/A
300,밥류,녹차약밥,50,176.44,35.13,3.6,2.81,N/A,2.93,N/A,N/A,N/A
301,밥류,두부 채소 볶음밥,281.4,321.87,60.39,13.65,6.58,N/A,213.08,N/A,N/A,N/A
302,밥류,레몬이 들어간 새우 케밥,200,215.4,35.02,15.16,2.86,N/A,167.56,N/A,N/A,N/A
303,밥류,밥 샌드위치,220,322.17,50.67,14.87,8.05,N/A,476.04,N/A,N/A,N/A
304,밥류,밥스틱,105,219.22,32.63,6.06,7.62,N/A,276.7,N/A,N/A,N/A
305,밥류,버섯 참치 무른 밥,150,145.12,23.38,5.31,3.04,N/A,1.34,N/A,N/A,N/A
306,밥류,새싹 비빔밥,251.1,264.63,50.55,8.74,5.35,N/A,317.74,N/A,N/A,N/A
307,밥류,쇠고기 말이 쌈밥,150,203.72,27.49,11.24,6.09,N/A,353.56,N/A,N/A,N/A
308,밥류,쌀밥,200,272,66.4,6,0.2,N/A,6,N/A,N/A,N/A
309,밥류,쌈밥,316.51,315.05,57.6,13.23,3.64,N/A,557.82,N/A,N/A,N/A
310,밥류,영양밥,174.1,321.6,63.65,6.3,5.07,N/A,101.76,N/A,N/A,N/A
311,밥류,향향볶음밥,110,104.03,18.88,5.68,1.24,N/A,9.99,N/A,N/A,N/A
312,빵 및 과자류,감자 연어 팬 케이크,114,144.1,13.61,9.95,5.93,N/A,49.1,N/A,N/A,N/A
313,빵 및 과자류,감자 팬케익,588.2,395.68,78.35,13.53,4.59,N/A,320.04,N/A,N/A,N/A
314,빵 및 과자류,감자 피자,99,132.34,16.87,6.16,4.85,N/A,266.11,N/A,N/A,N/A
315,빵 및 과자류,건강마늘꿀환,77,167.03,29.43,4.76,4.88,N/A,13.4,N/A,N/A,N/A
316,빵 및 과자류,고등어 강정,65,154.59,10.1,7.66,9.16,N/A,206.38,N/A,N/A,N/A
317,빵 및 과자류,과일 바바루아,200.5,254.57,28.25,6.58,12.09,N/A,90.77,N/A,N/A,N/A
318,빵 및 과자류,과일과 해산물을 곁들인 야채전병,200,154.34,26.58,9.36,1.78,N/A,225.18,N/A,N/A,N/A
319,빵 및 과자류,과일샐러드또띠아,200,277.06,58.02,5.42,3.58,N/A,84.36,N/A,N/A,N/A
320,빵 및 과자류,과일파이,100,182.06,38.71,2.8,2.46,N/A,28.45,N/A,N/A,N/A
321,빵 및 과자류,꽃게강정,170.9,261.89,22.95,17.76,11.19,N/A,471.21,N/A,N/A,N/A
322,빵 및 과자류,녹차 파나코타,145.1,310.57,43.75,4.89,13.89,N/A,62.47,N/A,N/A,N/A
323,빵 및 과자류,녹차스콘,60,184.59,31.24,4.39,4.79,N/A,131.3,N/A,N/A,N/A
324,빵 및 과자류,녹차크레페,120,178.56,26.76,8,4.19,N/A,102.5,N/A,N/A,N/A
325,빵 및 과자류,누룽지 과자,122,344.45,47.96,8.34,14.99,N/A,62.32,N/A,N/A,N/A
326,빵 및 과자류,누룽지피자,150,280.26,57.22,10.84,2.7,N/A,349.59,N/A,N/A,N/A
327,빵 및 과자류,다시마칩,40,61.13,10.22,1.61,2.43,N/A,139.27,N/A,N/A,N/A
328,빵 및 과자류,단호박 경단,69,162.87,30.57,3.59,3.33,N/A,86.97,N/A,N/A,N/A
329,빵 및 과자류,닭고기 롤,143.1,200.04,16.4,11.22,9.49,N/A,70.19,N/A,N/A,N/A
330,빵 및 과자류,두부깻잎과자,85,149.87,20.5,7.04,4.96,N/A,190.32,N/A,N/A,N/A
331,빵 및 과자류,두부샌드위치,195,190.4,22.25,8.31,9.67,N/A,7.51,N/A,N/A,N/A
332,빵 및 과자류,라이스페이퍼 새우 롤,105,141.26,22.91,7.15,2.47,N/A,86.16,N/A,N/A,N/A
333,빵 및 과자류,롤 피자,163,374.05,63.8,13.76,5.02,N/A,524.04,N/A,N/A,N/A
334,빵 및 과자류,멸치누룽지과자,100,191.35,29.45,11.55,3.96,N/A,177.2,N/A,N/A,N/A
335,빵 및 과자류,모닝빵,25,79,14.55,2.22,1,N/A,91.75,N/A,N/A,N/A
336,빵 및 과자류,미니 버거,79,123.41,8.29,10.18,5.5,N/A,225.74,N/A,N/A,N/A
337,빵 및 과자류,미니타르트,94.5,314.11,20.72,3.16,23.72,N/A,26.83,N/A,N/A,N/A
338,빵 및 과자류,"바닐라크림을 채운 체리,산딸기 페이스트리",169.5,305.12,38.37,4.63,14.39,N/A,88.02,N/A,N/A,N/A
339,빵 및 과자류,바질 고구마 옥수수빵,75,160.75,23.32,7.85,4.52,N/A,229.4,N/A,N/A,N/A
340,빵 및 과자류,블루베리 치즈무스케익,126.5,422.28,40.25,5.55,27.07,N/A,155.25,N/A,N/A,N/A
341,빵 및 과자류,비트와 호두 요리,156.1,242.91,38.81,3.32,9.21,N/A,70.84,N/A,N/A,N/A
342,빵 및 과자류,사과 타르트타틴,157.3,299.14,44.8,2.93,12.47,N/A,71.52,N/A,N/A,N/A
343,빵 및 과자류,사과와 양파를 곁들인 돼지등심 요리,138,293.83,5.95,17.83,21.02,N/A,35.82,N/A,N/A,N/A
344,빵 및 과자류,사과와 크림치즈를 곁들인 토스트,95,188.25,31.99,4.77,4.87,N/A,215.14,N/A,N/A,N/A
345,빵 및 과자류,수퍼 브리또,145,253.47,40.6,9.37,6.42,N/A,110.2,N/A,N/A,N/A
346,빵 및 과자류,식빵,40,113.2,20.44,3.32,2.08,N/A,26.4,N/A,N/A,N/A
347,빵 및 과자류,아보카도 달걀 샌드위치,65,152.41,20.23,5.74,5.06,N/A,271.69,N/A,N/A,N/A
348,빵 및 과자류,애플 스트루델,197.7,252.11,34.08,3.16,12.16,N/A,71.41,N/A,N/A,N/A
349,빵 및 과자류,야채빵,100,193.56,33.77,5.97,3.22,N/A,188.27,N/A,N/A,N/A
350,빵 및 과자류,야채칩,100,72.2,17.76,1.82,0.12,N/A,17,N/A,N/A,N/A
351,빵 및 과자류,"양송이버섯, 달걀크레페",215.6,350.07,48.34,16.82,9.59,N/A,92.06,N/A,N/A,N/A
352,빵 및 과자류,양송이버섯과 치즈를 곁들인 폴렌타,799,484.91,82.54,16.06,11.91,N/A,48.66,N/A,N/A,N/A
353,빵 및 과자류,오븐에 구운 또띠아 칩과 아보카도 딥,80,139.1,24.1,2.5,4.02,N/A,40.27,N/A,N/A,N/A
354,빵 및 과자류,잡곡강정,45,153.4,29.12,5.45,2.43,N/A,9.54,N/A,N/A,N/A
355,빵 및 과자류,잣호두강정,19,93.71,7.94,2.02,6.8,N/A,0.81,N/A,N/A,N/A
356,빵 및 과자류,채소 커리를 곁들인 팬케익,313,253.81,31.64,15.02,7.26,N/A,261.7,N/A,N/A,N/A
357,빵 및 과자류,채소 팬케익,273.21,286.05,38.69,14.07,7.65,N/A,274.41,N/A,N/A,N/A
358,빵 및 과자류,커리향이 들어간 치킨 샐러드 샌드위치,72,193.62,23.32,8.7,7.34,N/A,77.03,N/A,N/A,N/A
359,빵 및 과자류,크로와상 샌드위치,75,137.62,13.5,5.11,7.08,N/A,199.77,N/A,N/A,N/A
360,빵 및 과자류,클럽 샌드위치,110,193.54,22.78,10.59,6.58,N/A,164.7,N/A,N/A,N/A
361,빵 및 과자류,티라미수,56.4,189.86,10.55,1.79,15.59,N/A,39.65,N/A,N/A,N/A
362,빵 및 과자류,프로피테롤,320,357.5,32.99,9.92,20.64,N/A,100.29,N/A,N/A,N/A
363,빵 및 과자류,피스타치오 생크림과 산딸기 컵케이크,81.6,255.51,21.62,3.4,17.41,N/A,66.81,N/A,N/A,N/A
364,빵 및 과자류,한국식 오코노미야끼,130,263.87,39.53,15.44,3.18,N/A,115.15,N/A,N/A,N/A
365,빵 및 과자류,현미크레이프,120,259.06,56.2,7.02,0.7,N/A,41.56,N/A,N/A,N/A
366,면 및 만두류,고기완자를 곁들인 스웨덴식 국수,120,148.24,13.82,9.07,5.88,N/A,69.53,N/A,N/A,N/A
367,면 및 만두류,구슬 파스타,120,299.86,48.91,10.61,5.77,N/A,120.14,N/A,N/A,N/A
368,면 및 만두류,낙지볶음면,223.2,154.5,27.59,9.64,1.03,N/A,270.3,N/A,N/A,N/A
369,면 및 만두류,냉 쌀국수,250,246.45,36.42,16.45,3.75,N/A,304.9,N/A,N/A,N/A
370,면 및 만두류,니고랭,135,228.89,35.91,11.35,3.81,N/A,309.97,N/A,N/A,N/A
371,면 및 만두류,닭고기가 들어간 땅콩소스 스파게티,90,207.69,34.11,10.63,2.82,N/A,132.47,N/A,N/A,N/A
372,면 및 만두류,라비올리 크림소스,356.3,769.29,102.08,39.41,19.49,N/A,273.32,N/A,N/A,N/A
373,면 및 만두류,라비올리 토마토소스,392.5,339,55.93,14.48,6.44,N/A,116.61,N/A,N/A,N/A
374,면 및 만두류,미니그라탕,185,236.02,44.49,6.23,5.62,N/A,58.35,N/A,N/A,N/A
375,면 및 만두류,바지락 볶음 면,225,234.5,36.34,12.56,3.98,N/A,447.41,N/A,N/A,N/A
376,면 및 만두류,버섯 리조또,999.6,619.65,87.17,14.19,23.09,N/A,151.04,N/A,N/A,N/A
377,면 및 만두류,버섯을 넣은 가지 라자냐,132.5,136.04,14.84,8.11,5.25,N/A,243.31,N/A,N/A,N/A
378,면 및 만두류,서리태 잣국수,430.7,478.72,60.99,18.13,18.3,N/A,83.13,N/A,N/A,N/A
379,면 및 만두류,시저 샐러드,149,213.07,24.63,14.33,6.54,N/A,219.78,N/A,N/A,N/A
380,면 및 만두류,쌀국수,200,80.7,11.06,7.98,0.28,N/A,68.48,N/A,N/A,N/A
381,면 및 만두류,알록달록 시금치 당근 수제비,320,235.74,42.18,9.63,2.05,N/A,484,N/A,N/A,N/A
382,면 및 만두류,인도식 만두구이(사모사),80,155.96,20.03,7.83,4.96,N/A,212.46,N/A,N/A,N/A
383,면 및 만두류,호박 프리타타,246.1,302.19,12.28,25.74,16.73,N/A,234.98,N/A,N/A,N/A
384,면 및 만두류,호박만두,146.7,211.16,34.53,6.13,4.84,N/A,150.29,N/A,N/A,N/A
385,죽 및 스프류,감자를 곁들인 야채스튜,165,87.04,14.77,3.32,2.46,N/A,30.13,N/A,N/A,N/A
386,죽 및 스프류,검보스프,199.7,102.81,4.75,7.13,6.25,N/A,160.62,N/A,N/A,N/A
387,죽 및 스프류,검은콩 스프,219,228.13,16.75,15.31,13.12,N/A,119.27,N/A,N/A,N/A
388,죽 및 스프류,고구마 타락죽,332,362.81,37.32,7.14,21.48,N/A,160.92,N/A,N/A,N/A
389,죽 및 스프류,단호박 두부 포타주,275.6,92.66,11.96,6.53,3.83,N/A,379.42,N/A,N/A,N/A
390,죽 및 스프류,단호박 스프,200,102.08,15.98,3.08,3.86,N/A,45.7,N/A,N/A,N/A
391,죽 및 스프류,대구 크림 스튜,125,186.36,4.44,28.08,5.54,N/A,405.51,N/A,N/A,N/A
392,죽 및 스프류,대추죽,110,132.25,29.3,2.95,0.86,N/A,1.55,N/A,N/A,N/A
393,죽 및 스프류,멜론 스프,185,86.17,21.76,1.91,0.2,N/A,21.42,N/A,N/A,N/A
394,죽 및 스프류,새우살을 채운 두부 스프(미네스트로네),200,117.32,6.06,13.86,4.66,N/A,361.36,N/A,N/A,N/A
395,죽 및 스프류,송이 미역죽,150,135.75,25.6,4.24,2.44,N/A,309.16,N/A,N/A,N/A
396,죽 및 스프류,쇠고기 스튜,239.5,99.7,5.92,11.74,3.4,N/A,245.34,N/A,N/A,N/A
397,죽 및 스프류,쇠고기와 검은콩 요리,263.2,347.29,36.51,24.27,13.21,N/A,198.77,N/A,N/A,N/A
398,죽 및 스프류,시금치 배 미음,170,136.95,30.11,3.47,0.39,N/A,12.21,N/A,N/A,N/A
399,죽 및 스프류,시금치 수플레,80,91.22,4.83,5.69,5.27,N/A,104.76,N/A,N/A,N/A
400,죽 및 스프류,씨앗죽,135,197.68,27.23,5.44,7.84,N/A,20.4,N/A,N/A,N/A
401,죽 및 스프류,알파벳 스프,200,109.38,17.38,4.58,2.12,N/A,36.22,N/A,N/A,N/A
402,죽 및 스프류,완두콩 스프,230,168.7,20.82,12.42,4.81,N/A,116.75,N/A,N/A,N/A
403,죽 및 스프류,차가운 당근스프,200,84.2,13.24,2.32,3.22,N/A,56.36,N/A,N/A,N/A
404,죽 및 스프류,팥죽,380,287.09,60,11.86,0.15,N/A,8.89,N/A,N/A,N/A
405,죽 및 스프류,해산물을 곁들인 매콤한 토마토 스튜,197.2,122.28,6.76,16.31,3.49,N/A,338.34,N/A,N/A,N/A
406,죽 및 스프류,흑임자 두부 죽,160,164.14,23.55,7.04,4.77,N/A,2.14,N/A,N/A,N/A
407,국 및 탕류,굴 두부 국,151,49.51,3.43,4.82,2.85,N/A,256.68,N/A,N/A,N/A
408,국 및 탕류,도토리묵 콩국,156.3,61.22,7.39,3.88,2.2,N/A,257.5,N/A,N/A,N/A
409,국 및 탕류,된장국,166,49.38,3.52,8.3,0.32,N/A,44.92,N/A,N/A,N/A
410,국 및 탕류,미역 조랭이 떡국,455,368.64,65.98,9.28,11.01,N/A,774.18,N/A,N/A,N/A
411,국 및 탕류,배추 맑은 국,150,43.1,3.21,4.98,1.77,N/A,200.25,N/A,N/A,N/A
412,국 및 탕류,버섯 들깨탕,150,123.74,17.3,3.82,5.42,N/A,31.6,N/A,N/A,N/A
413,국 및 탕류,북어국,169.2,67.07,2.59,10.14,1.98,N/A,329.16,N/A,N/A,N/A
414,국 및 탕류,새우 완자탕,150,86.8,9.34,10,1,N/A,204.28,N/A,N/A,N/A
415,국 및 탕류,연두부 무순 냉국,200,70.52,6.32,5.92,3.1,N/A,222.7,N/A,N/A,N/A
416,찌개 및 전골류,해산물 샤브샤브,110.2,124.67,5.84,12.18,6.27,N/A,143.55,N/A,N/A,N/A
417,찜류,금태찜,240,73.8,7.58,10.92,0.7,N/A,304.37,N/A,N/A,N/A
418,찜류,단호박 두부찜,57,37.98,5.29,2.09,1.64,N/A,220.04,N/A,N/A,N/A
419,찜류,단호박 새우 찜,215,202.4,38.57,11.07,3.57,N/A,395,N/A,N/A,N/A
420,찜류,닭고기 편육,132.83,261.97,8.32,19.42,15.55,N/A,238.39,N/A,N/A,N/A
421,찜류,대하찜,125.1,109.39,2.39,20.43,1.83,N/A,177.34,N/A,N/A,N/A
422,찜류,사태떡찜,162.9,202.86,27.04,13.73,4.66,N/A,265.15,N/A,N/A,N/A
423,찜류,생선살 완자 찹쌀 찜,175,212.47,29.89,20.11,0.7,N/A,262.69,N/A,N/A,N/A
424,찜류,생선찜 채소말이,160,162.54,18.78,15.57,3.95,N/A,345.79,N/A,N/A,N/A
425,찜류,서양식 달걀찜(시금치 퀴시),140,305.61,49.97,12.33,4.69,N/A,142.02,N/A,N/A,N/A
426,찜류,쇠고기 감자찜,191,183.57,16.37,12.87,7.32,N/A,200.19,N/A,N/A,N/A
427,찜류,영양 달걀 찜,100,76.01,7.11,5.66,3,N/A,86.92,N/A,N/A,N/A
428,찜류,오징어보쌈과 저나트륨 된장소스,85.5,46.16,1.83,8.1,0.71,N/A,191.99,N/A,N/A,N/A
429,찜류,유부 달걀 찜,100,87.12,3.97,6.12,5.32,N/A,208.63,N/A,N/A,N/A
430,찜류,유부 만두 찜,105,114.17,8.56,9.2,6.09,N/A,162.94,N/A,N/A,N/A
431,찜류,찰 어묵 찜,80,102.76,11.1,9.42,2.1,N/A,396.83,N/A,N/A,N/A
432,구이류,고등어구이,98,280.63,7.24,14.71,20.33,N/A,105.93,N/A,N/A,N/A
433,구이류,꽁치 양념구이,189.5,234.89,29.3,12.68,7.39,N/A,169.64,N/A,N/A,N/A
434,구이류,닭고기 바비큐,194.4,184.12,14.41,13.32,8.83,N/A,75.49,N/A,N/A,N/A
435,구이류,등심 배구이,70.6,97.17,3.83,7.98,5.22,N/A,241.05,N/A,N/A,N/A
436,구이류,로스트비프,148.4,220.36,5.7,14.56,14.2,N/A,272.58,N/A,N/A,N/A
437,구이류,미니 떡갈비,155,144.92,13.38,14.77,4.03,N/A,307.64,N/A,N/A,N/A
438,구이류,밀라노 스타일 포크 커틀렛,89.5,228.97,7.51,13.8,15.2,N/A,98.26,N/A,N/A,N/A
439,구이류,발사믹과 로즈마리로 향을 낸 오븐구이 야채,200,135.58,34.28,1.94,0.64,N/A,51.94,N/A,N/A,N/A
440,구이류,발사믹으로 양념한 채소 요리,96.7,298.26,4.81,1.54,30.22,N/A,73.98,N/A,N/A,N/A
441,구이류,버섯소스를 곁들인 돼지 등심 스테이크,284.1,387.63,7.93,20.4,26.28,N/A,79.66,N/A,N/A,N/A
442,구이류,비프 스트로가노프,145,246.51,26.58,15.09,7.82,N/A,268.95,N/A,N/A,N/A
443,구이류,살사를 곁들인 참치 오븐구이,54.5,97.4,3.05,11.09,4.29,N/A,24.09,N/A,N/A,N/A
444,구이류,야채과일돌구이,90,71.1,18.12,1.2,0.15,N/A,5.1,N/A,N/A,N/A
445,구이류,양송이버섯과 포도주스를 가미한 등심구이,232.9,205.37,17.21,11.64,10.97,N/A,166.27,N/A,N/A,N/A
446,구이류,요거트 파슬리소스를 곁들인 닭고기구이,176.2,239.24,8.67,18.24,14.82,N/A,67.84,N/A,N/A,N/A
447,구이류,종이에 싸서 구운 도미(파필로테),99.8,104.12,2.14,13.7,4.52,N/A,50.82,N/A,N/A,N/A
448,구이류,중국식 바비큐 폭 립,170,310.68,13.41,22.85,18,N/A,352.38,N/A,N/A,N/A
449,구이류,지중해소스를 곁들인 도미스테이크,275.1,289.79,7.37,23.03,14.99,N/A,257.3,N/A,N/A,N/A
450,구이류,참깨 오렌지 쇠고기,170,182.68,9.89,21.08,6.32,N/A,269.13,N/A,N/A,N/A
451,구이류,치킨 버거 스테이크,133,127.97,9.6,21.27,0.73,N/A,89.3,N/A,N/A,N/A
452,구이류,카레소스를 얹은 두부 스테이크,256,199.32,27.88,10.11,7.42,N/A,480.77,N/A,N/A,N/A
453,구이류,케이준 스타일 닭고기 요리,118.5,313.74,5.29,20,22.33,N/A,63.91,N/A,N/A,N/A
454,구이류,토마토 야채 오븐구이,125,102.45,17.58,3.14,2.9,N/A,67.19,N/A,N/A,N/A
455,구이류,해산물 옥수수 오븐구이 프리타타,114,111.71,8.48,8.93,4.75,N/A,210.63,N/A,N/A,N/A
456,전/ 적 및 부침류,곶감샐러드,150,223.18,49.29,2.91,4.35,N/A,10.21,N/A,N/A,N/A
457,전/ 적 및 부침류,김치 참치 밥 달걀말이,150,172.58,25.78,8.7,4.84,N/A,322.72,N/A,N/A,N/A
458,전/ 적 및 부침류,낫토 시래기 라이스 전,100,137.92,23.07,6.22,2.94,N/A,162.92,N/A,N/A,N/A
459,전/ 적 및 부침류,다시마전,80,79.18,13.16,4.37,1.58,N/A,310.34,N/A,N/A,N/A
460,전/ 적 및 부침류,단호박전,120.2,310.4,46.05,6.6,10.65,N/A,77.19,N/A,N/A,N/A
461,전/ 적 및 부침류,돼지고기 찹쌀부침,158.4,343.28,48.04,13.35,10.04,N/A,120.07,N/A,N/A,N/A
462,전/ 적 및 부침류,두부 달걀전,130,179.66,4.51,13.01,12.43,N/A,164.53,N/A,N/A,N/A
463,전/ 적 및 부침류,두부 해산물 꼬치구이,148,182.16,2.58,15.6,12.89,N/A,146.15,N/A,N/A,N/A
464,전/ 적 및 부침류,마 두부 오징어전,139.9,173.21,16.76,10.59,8.8,N/A,159.09,N/A,N/A,N/A
465,전/ 적 및 부침류,청국장 시래기전,102.5,117.98,14.83,9.06,3.98,N/A,54.29,N/A,N/A,N/A
466,전/ 적 및 부침류,치킨 쇠고기 땅콩소스 꼬치,85,148.44,8.28,14.32,6.33,N/A,536.21,N/A,N/A,N/A
467,전/ 적 및 부침류,케첩완자,100,141.85,13.7,10.7,4.86,N/A,155.5,N/A,N/A,N/A
468,볶음류,가지볶음,131.5,111.21,20.07,1.71,3.66,N/A,219.18,N/A,N/A,N/A
469,볶음류,고추잡채,83.9,106.38,4.93,6.3,6.71,N/A,147.32,N/A,N/A,N/A
470,볶음류,궁중 떡볶음,150.8,203.9,38.65,6.26,3.38,N/A,233.6,N/A,N/A,N/A
471,볶음류,김자반,61.3,45.22,10.42,4.79,0.91,N/A,232.16,N/A,N/A,N/A
472,볶음류,꽃게볶음,100,108.73,10.03,10.36,2.91,N/A,317.08,N/A,N/A,N/A
473,볶음류,냉잡채,80.1,127.43,21.66,0.96,4.31,N/A,169.48,N/A,N/A,N/A
474,볶음류,돼지갈비 볶음,120,151.15,6.55,12.04,8.42,N/A,293.29,N/A,N/A,N/A
475,볶음류,돼지고기토마토두부볶음,150,157.16,7.94,9.96,9.7,N/A,293.3,N/A,N/A,N/A
476,볶음류,마파두부,183.8,268.11,9.72,18.71,17.92,N/A,164.65,N/A,N/A,N/A
477,볶음류,배추달걀볶음,140,131.14,7.32,8.44,7.48,N/A,187.8,N/A,N/A,N/A
478,볶음류,버섯 굴소스 볶음,59.2,37.96,3.34,1.49,2.71,N/A,31.93,N/A,N/A,N/A
479,볶음류,브로콜리쇠고기볶음,130,123.9,13.87,10.28,4.13,N/A,299.53,N/A,N/A,N/A
480,볶음류,산호두부,90,89.39,8.43,6.93,3.46,N/A,54.4,N/A,N/A,N/A
481,볶음류,섭산삼,86,233.03,36.96,4.68,8.24,N/A,3.83,N/A,N/A,N/A
482,볶음류,소고기 채소볶음,117.6,190.9,4.83,9.61,14.88,N/A,218.91,N/A,N/A,N/A
483,볶음류,시금치돼지고기볶음,100,104.77,7.37,9.12,4.55,N/A,283.9,N/A,N/A,N/A
484,볶음류,쌀국수 볶음면,264.8,212.53,7.79,2.62,20.42,N/A,87.75,N/A,N/A,N/A
485,볶음류,아시아식 채소 두부 볶음,203.3,275.41,20.35,13.52,17.65,N/A,178.15,N/A,N/A,N/A
486,볶음류,야채볶음,80,90.81,15.38,2.34,3.16,N/A,9.93,N/A,N/A,N/A
487,볶음류,야채오믈렛,155,158.15,26.75,6.76,2.87,N/A,250.56,N/A,N/A,N/A
488,볶음류,이태리식 닭요리,137,150.32,5.88,11.4,8.63,N/A,151.78,N/A,N/A,N/A
489,볶음류,잡채,120.1,193.14,28.74,6.13,6.41,N/A,203.97,N/A,N/A,N/A
490,볶음류,조랭이 떡 궁중 떡볶이,185,217.45,43.31,5.68,2.57,N/A,343.45,N/A,N/A,N/A
491,볶음류,칠리새우,93.7,175.99,17.31,10.78,6.91,N/A,159.36,N/A,N/A,N/A
492,볶음류,크램블레,115.2,372.61,12.74,3.35,33.52,N/A,30.79,N/A,N/A,N/A
493,볶음류,토마토소스달걀볶음,60,111.22,10.08,4.39,5.9,N/A,107.4,N/A,N/A,N/A
494,볶음류,토마토쇠고기,90,82.67,11.56,3.82,2.55,N/A,168.58,N/A,N/A,N/A
495,볶음류,팽이버섯야채볶음,130,82.58,10.86,2.55,4.37,N/A,14.1,N/A,N/A,N/A
496,볶음류,해산물볶음,117.6,119.68,6.34,10.35,6.16,N/A,293.99,N/A,N/A,N/A
497,볶음류,헝가리안 폭찹,175.5,295.7,4.23,18.64,20.99,N/A,110.83,N/A,N/A,N/A
498,볶음류,화지타,132,196.55,26.08,8.62,6.48,N/A,508.99,N/A,N/A,N/A
499,조림류,고기완두조림,100,183.01,18.9,11.37,6.97,N/A,45.19,N/A,N/A,N/A
500,조림류,곤약 콩조림,69.2,96.31,10.68,7.45,3.69,N/A,209.61,N/A,N/A,N/A
501,조림류,과일 주스 조림,230,174.29,44.96,1.61,0.62,N/A,6.6,N/A,N/A,N/A
502,조림류,다시마돼지고기조림,70,115.71,4.98,8.55,6.86,N/A,279.57,N/A,N/A,N/A
503,조림류,두부 튀김 조림,115.5,221.52,14.4,6.99,16.27,N/A,139.81,N/A,N/A,N/A
504,조림류,부추조갯살 콩비지조림,55.5,35.99,5.28,3.32,0.5,N/A,62.39,N/A,N/A,N/A
505,조림류,오징어말이 케첩조림,206.8,152.68,9.29,20.06,4.34,N/A,190.42,N/A,N/A,N/A
506,튀김류,고구마 빠스,94,253.9,39.04,1.25,11.13,N/A,9.44,N/A,N/A,N/A
507,튀김류,도라지 검은깨 튀김,56.5,134.65,23.85,2.4,3.93,N/A,163.06,N/A,N/A,N/A
508,튀김류,"레몬, 파슬리 빵가루를 입힌 도미",60,88.31,8.43,10.04,1.73,N/A,61.65,N/A,N/A,N/A
509,튀김류,멸치찹쌀 양념튀김,64.3,195.01,17.59,8.85,11.16,N/A,181.29,N/A,N/A,N/A
510,튀김류,모듬탕수,116,116.59,26.53,5.73,1,N/A,120.11,N/A,N/A,N/A
511,튀김류,삼색 콩튀김,88,251.33,36.58,5.39,10.48,N/A,34.76,N/A,N/A,N/A
512,튀김류,새우속을 채운 리치와 감자튀김,180,258.17,24.37,14.58,11.59,N/A,195.98,N/A,N/A,N/A
513,튀김류,생강향의 고구마 크로켓,88,204.53,25.25,2.31,10.96,N/A,49.25,N/A,N/A,N/A
514,튀김류,수삼당근정과,112,110.12,28.35,2.04,0.18,N/A,22.64,N/A,N/A,N/A
515,튀김류,파마산치즈를 가미한 커틀렛,116,417.86,29.13,17.02,26.38,N/A,234.02,N/A,N/A,N/A
516,튀김류,호두 치킨,125,116.88,5.92,12.08,5.24,N/A,30.78,N/A,N/A,N/A
517,튀김류,황태강정,68.9,232.32,22.77,18.92,6.55,N/A,161.82,N/A,N/A,N/A
518,생채/무침류,감자냉채,123.4,44.26,9.06,1.74,0.37,N/A,103.26,N/A,N/A,N/A
519,생채/무침류,골뱅이무침,120.1,103.85,17.5,5.19,2.41,N/A,201.88,N/A,N/A,N/A
520,생채/무침류,과일 요구르트 샐러드,150,77.3,18.12,2.64,0.39,N/A,19.76,N/A,N/A,N/A
521,생채/무침류,구운 닭고기 샐러드와 저나트륨 과일드레싱,202.8,246.4,17.22,13.02,14.46,N/A,175.08,N/A,N/A,N/A
522,생채/무침류,구운 닭고기를 곁들인 두부 샐러드,140,122.74,3.74,14.5,6.31,N/A,265.93,N/A,N/A,N/A
523,생채/무침류,낙지 잣소스 냉채,204.9,226.66,18.42,10,14.38,N/A,232.97,N/A,N/A,N/A
524,생채/무침류,니스와 샐러드,105,91.99,5.12,7.97,4.36,N/A,78.76,N/A,N/A,N/A
525,생채/무침류,닭고기 샐러드,172.6,259.49,8.54,16.57,17.4,N/A,271.43,N/A,N/A,N/A
526,생채/무침류,돼지고기 수육 부추무침,119.6,200.72,11.34,9.6,13.23,N/A,259.45,N/A,N/A,N/A
527,생채/무침류,두부 다시마말이,149.9,81.14,6.9,5.89,4.63,N/A,248.4,N/A,N/A,N/A
528,생채/무침류,두부선과 저나트륨 겨자 간장소스,138.9,121.61,5.22,12.43,6.56,N/A,211.18,N/A,N/A,N/A
529,생채/무침류,산마드레싱 실곤약 샐러드,120,96.56,7.09,7.09,4.98,N/A,35.41,N/A,N/A,N/A
530,생채/무침류,상추 겉절이,43.8,19.26,3.9,1.14,0.47,N/A,108.26,N/A,N/A,N/A
531,생채/무침류,수삼 냉채,85.5,38.37,9.49,1.23,0.25,N/A,202.15,N/A,N/A,N/A
532,생채/무침류,스테이크 샐러드,140,176.86,3.49,16.93,10.12,N/A,404.08,N/A,N/A,N/A
533,생채/무침류,아보카도 두부 샐러드,207.45,426.23,8.34,11.55,38.86,N/A,361.83,N/A,N/A,N/A
534,생채/무침류,아시아식 국수 샐러드,117,276.16,47.37,13.41,2.47,N/A,262.63,N/A,N/A,N/A
535,생채/무침류,양상추와 닭고기 요리,171.3,78.58,6.44,4.45,4.49,N/A,67.42,N/A,N/A,N/A
536,생채/무침류,얼갈이 무침,138,71.47,6.68,4.68,4.06,N/A,181.11,N/A,N/A,N/A
537,생채/무침류,연어냉채,95.01,128.92,7.41,9.57,6.75,N/A,398.32,N/A,N/A,N/A
538,생채/무침류,오이 초절임,83,194,19.27,0.85,13.6,N/A,372.92,N/A,N/A,N/A
539,생채/무침류,오이선,89.1,67.5,7.09,5.38,2.54,N/A,224.4,N/A,N/A,N/A
540,생채/무침류,이태리식 해산물 샐러드,147,127.57,3.48,17.68,4.59,N/A,225.67,N/A,N/A,N/A
541,생채/무침류,참기름 드레싱의 즉석 샐러드,72.5,76.39,6,1.36,5.52,N/A,109.91,N/A,N/A,N/A
542,생채/무침류,카프라제,89.6,159.27,3.83,7.02,13.44,N/A,7.66,N/A,N/A,N/A
543,생채/무침류,태국식 불고기 샐러드,130,88.69,8.71,8.26,3.12,N/A,241.79,N/A,N/A,N/A
544,생채/무침류,펜네 파스타 샐러드,102,212.82,34.18,7.4,4.84,N/A,71.98,N/A,N/A,N/A
545,생채/무침류,허브 마리네이드 참치 샐러드,182.1,235.82,13.91,26.62,7.78,N/A,61.28,N/A,N/A,N/A
546,생채/무침류,호두 사과 샐러드,80,109.55,13.7,1.23,6.48,N/A,30.65,N/A,N/A,N/A
547,생채/무침류,홍시 생밤 무침,100,118.3,22.4,2.05,3.7,N/A,5.75,N/A,N/A,N/A
548,김치류,깍두기,30,9.9,2.22,0.48,0.09,N/A,178.8,N/A,N/A,N/A
549,김치류,나박김치,198,39.48,9.66,2.14,0.38,N/A,195.54,N/A,N/A,N/A
550,김치류,배추김치,45,8.1,1.76,0.9,0.22,N/A,515.7,N/A,N/A,N/A
551,장아찌/절임류,양배추 깻잎 피클,64.5,15.38,3.86,0.43,0.08,N/A,337.34,N/A,N/A,N/A
552,장아찌/절임류,오이피클,20,18.4,5.06,0.12,0.06,N/A,133.4,N/A,N/A,N/A
553,유제품류 및 빙과류,복숭아샤벳,270.1,146.26,39.19,1.57,0.3,N/A,8.62,N/A,N/A,N/A
554,유제품류 및 빙과류,서양식 씨리얼(뮤즐리),105,158.6,25.76,5.25,4.76,N/A,27.14,N/A,N/A,N/A
555,유제품류 및 빙과류,식혜 팥빙수,150,135.86,33.08,3.66,0.02,N/A,5.36,N/A,N/A,N/A
556,유제품류 및 빙과류,에멘탈 치즈 퐁듀,110,108.9,10.08,6.78,4.98,N/A,105.66,N/A,N/A,N/A
557,유제품류 및 빙과류,홍시쉐이크,120,69.72,18.29,1.15,0.56,N/A,4.76,N/A,N/A,N/A
558,음료 및 차류,우유생강차,200,108,15.66,5.98,2.82,N/A,184.94,N/A,N/A,N/A
559,과일류,복숭아화채,101,72.8,16.7,1.35,1.1,N/A,1.69,N/A,N/A,N/A
560,과일류,수박화채,210,125.83,28.37,3.4,0.74,N/A,2.18,N/A,N/A,N/A
561,당류,과일 젤리,160,140.45,34.99,1.31,0.18,N/A,25.3,N/A,N/A,N/A
562,당류,두부양갱,82,66.62,11.9,2.84,1.68,N/A,2.54,N/A,N/A,N/A
563,당류,딸기잼,20,48.6,12.58,0.08,0.02,N/A,0.6,N/A,N/A,N/A
564,당류,사과잼,20,51.2,13.24,0.04,0.02,N/A,2,N/A,N/A,N/A
565,당류,사과포도주스조림,152,135.11,24.99,1.81,4.24,N/A,24.53,N/A,N/A,N/A
566,"곡류, 서류 제품",고구마경단,100,208.96,44.01,2.8,3.56,N/A,50.51,N/A,N/A,N/A
567,"곡류, 서류 제품",고구마란,92,165.97,35.59,2.82,2.76,N/A,12.69,N/A,N/A,N/A
568,"곡류, 서류 제품",고구마쑥단자,80,149.93,32.7,3.93,1.14,N/A,7.71,N/A,N/A,N/A
569,"곡류, 서류 제품",고추 장떡,103,250.36,41.24,6.86,5.8,N/A,110.68,N/A,N/A,N/A
570,"곡류, 서류 제품",김치떡,145,301.77,53.3,13.47,3.42,N/A,293.34,N/A,N/A,N/A
571,"곡류, 서류 제품",모듬옥수수,130,127.26,15,9.85,3.61,N/A,108.42,N/A,N/A,N/A
572,"채소, 해조류",닭고기 양배추 쌈,184.7,194.43,8.96,14.76,11.38,N/A,69.23,N/A,N/A,N/A
573,"채소, 해조류",참치 소고기 양상추 쌈,120,180.72,24.79,9.31,5.26,N/A,312.47,N/A,N/A,N/A
574,수조어육류,낙지강회,104.5,51.89,6.96,6.71,0.46,N/A,153.32,N/A,N/A,N/A
575,수조어육류,미역 물오징어 연두부 초회,86.8,48.2,3.88,7.05,1.23,N/A,170.69,N/A,N/A,N/A
576,수조어육류,어린이 스시,180,135.04,11.47,6.71,6.39,N/A,199.87,N/A,N/A,N/A
